Pubdate,Artikel_Titel,Teaser,Artikel_URL,Image_URL,Kategorie,Region,Latitude,Longitude
24.07.2014,"Fage: ""Die Anschläge haben eine neue Dimension""","Neue Anschläge erschüttern die zentralnigerianische Stadt Kaduna. Im Visier offenbar: ein Politiker und ein Imam. Attentate auf so hochrangige Persönlichkeiten sind neu, sagt der Politologe Kamilu Sani Fage.",http://www.dw.de/fage-die-anschl%C3%A4ge-haben-eine-neue-dimension/a-17807873,"http://www.dw.de/image/0,,17804225_303,00.jpg",Krise,Afrika,10.516667,7.433333
30.06.2014,Sprengstoffanschläge in Kairo,Es war ein angekündigtes Attentat. Bei Bombenexplosionen in Ägypten sind mindestens zwei Polizisten getötet worden. Am Wochenende hatte eine Terrorgruppe mit Anschlägen gedroht.,http://www.dw.de/sprengstoffanschl%C3%A4ge-in-kairo/a-17746215,"http://www.dw.de/image/0,,17746652_303,00.jpg",Krise,Nahost,30.044420,31.235712
18.08.2014,Sharif bietet Protestierenden Gespräche an,Einige zehntausend Anhänger von Imran Khan und Tahir-ul-Qadri fordern in Islamabad den Rücktritt von Premier Sharif. Damit blieb der Protest weit unterhalb der angekündigten Million Demonstranten.,http://www.dw.de/sharif-bietet-protestierenden-gespr%C3%A4che-an/a-17847855,"http://www.dw.de/image/0,,17859696_303,00.jpg",Ausland,Asien,33.729388,73.093146
12.08.2014,"Diffuse Einigung in Kabul ""besser als Krieg""",Die beiden Gegner aus der Stichwahl um das afghanische Präsidentenamt haben offiziell dem US-Vorschlag einer Regierung der nationalen Einheit zugestimmt. Vieles dabei bleibt unklar und in rechtlichen Grauzonen.,http://www.dw.de/diffuse-einigung-in-kabul-besser-als-krieg/a-17847468,"http://www.dw.de/image/0,,17842526_303,00.jpg",Ausland,Asien,34.533333,69.166667
18.08.2014,Merkel verspricht Lettland Nato-Unterstützung,"Mitten in der Ukraine-Krise verspricht Kanzlerin Merkel den baltischen Staaten, die Nato-Präsenz in Osteuropa deutlich auszuweiten. Truppenstützpunkte an der Grenze zu Russland lehnt sie dagegen ab.",http://www.dw.de/merkel-verspricht-lettland-nato-unterst%C3%BCtzung/a-17861895,"http://www.dw.de/image/0,,17861098_303,00.jpg",Ausland,Europa,56.949649,24.105186
20.08.2014,Aktivistin will 14-jährigen Hungerstreik fortsetzen,"Sie wird die ""Eiserne Dame von Manipur"" genannt: Seit 14 Jahren protestiert die Inderin Irom Chanu Sharmila mit einem Hungerstreik gegen willkürliche Erschießungen. Nun wurde sie aus einem Gefängniskrankenhaus entlassen.",http://www.dw.de/aktivistin-will-14-j%C3%A4hrigen-hungerstreik-fortsetzen/a-17868369,"http://www.dw.de/image/0,,16643699_303,00.jpg",Ausland,Asien,24.820000,93.950000
21.08.2014,Thailands Juntachef läßt sich zum Ministerpräsidenten wählen,Drei Monate nach dem Militärputsch in Thailand übernimmt Juntachef Prayuth Chan-ocha die Regierungsgeschäfte. Die vom Militär eingesetzte gesetzgebende Versammlung wählte ihn zum Ministerpräsidenten. ,http://www.dw.de/thailands-juntachef-l%C3%A4%C3%9Ft-sich-zum-ministerpr%C3%A4sidenten-w%C3%A4hlen/a-17868719,"http://www.dw.de/image/0,,17704251_303,00.jpg",Ausland,Asien,13.744866,100.529787
21.08.2014,Tausende Rebellen maschieren in Jemens Hauptstadt ein,Seit Jahren kämpfen schiitische Huthi-Rebellen im Jemen für ihre Unabhängigkeit. Jetzt haben sich Zehntausende von ihnen vor der Hauptstadt Sanaa versammelt. Sie drohen die Regierung zu stürzen. ,http://www.dw.de/tausende-rebellen-maschieren-in-jemens-hauptstadt-ein/a-17869670,"http://www.dw.de/image/0,,17869636_303,00.jpg",Ausland,Afrika,15.369445,44.191007
22.08.2014,Malaysische MH17-Absturzopfer in Kuala Lumpur,Fünf Wochen nach der MH17-Katastrophe sind die sterblichen Überreste von 20 malaysischen Insassen nach Kuala Lumpur übergeführt worden Die Ankunft der Särge stürzt ganz Malaysia noch einmal in kollektive Trauer. ,http://www.dw.de/malaysische-mh17-absturzopfer-in-kuala-lumpur/a-17870870,"http://www.dw.de/image/0,,17870817_303,00.jpg",Ausland,Asien,2.753363,101.705003
20.08.2014,Schönes neues Thailand?,"Drei Monate nachdem das Militär geputscht hat, formen die neuen Machthaber Thailand nach ihren Vorstellungen. Ihr Ziel: Sie wollen das gespaltene Land einen. Doch Experten sind skeptisch, ob das gelingen kann.",http://www.dw.de/sch%C3%B6nes-neues-thailand/a-17867700,"http://www.dw.de/image/0,,17662391_303,00.jpg",Ausland,Asien,13.744866,100.529787
23.08.2014,"Merkel fordert ""zweiseitigen Waffenstillstand"" in der Ukraine",In Kiew hat die Bundeskanzlerin alle Beteiligten im Ukraine-Konflikt zum Frieden aufgerufen. 500 Millionen Euro stellte sie für Energie- und Wasserversorgung in Aussicht. Für Flüchtlinge gibt es viel weniger. ,http://www.dw.de/merkel-fordert-zweiseitigen-waffenstillstand-in-der-ukraine/a-17873475,"http://www.dw.de/image/0,,17873435_303,00.jpg",Ausland,Europa,50.447384,30.536923
01.09.2014,Staatsfernsehen in Pakistan besetzt,"Regierungsfeindliche Demonstranten haben das Gebäude des Staatsfernsehens in Islamabad zeoweise besetzt. Sie versuchen wieder, zur Residenz des Premiers vorzudringen. Das mächtige Militär mahnt eine politische Lösung an. ",http://www.dw.de/staatsfernsehen-in-pakistan-besetzt/a-17892248,"http://www.dw.de/image/0,,17892414_303,00.jpg",Ausland,Asien,33.733199,73.091004
01.09.2014,Machtspiele im Jemen,In der jemenitischen Hauptstadt Sanaa demonstrieren Zehntausende Huthi-Rebellen für politische Mitsprache. Ihr Protest wirft ein Licht auf die Konflikte des Landes. Diese machen sich auch die Nachbarstaaten zunutze. ,http://www.dw.de/machtspiele-im-jemen/a-17893725,"http://www.dw.de/image/0,,17870655_303,00.jpg",Ausland,Nahost,15.354299,44.206456
22.08.2014,Manipulationen in Berliner Herzklinik,Gegen das international renommierte Deutsche Herzzentrum ermittelt die Staatsanwaltschaft wegen fahrlässiger Tötung. Der Verdacht: Bei Herztransplantationen sollen zahlreiche Patienten bevorzugt worden sein.,http://www.dw.de/manipulationen-in-berliner-herzklinik/a-17871213,"http://www.dw.de/image/0,,17871239_303,00.jpg",Kultur,Deutschland,52.542366,13.348037
18.08.2014,Hoffnung auf Ende des Gaza-Kriegs schwindet,Kurz vor Ablauf einer Feuerpause am Montagabend haben Israelis und Palästinenser um Bedingungen für eine dauerhafte Gaza-Waffenruhe gerungen. Doch beide Seiten sind sich in Kairo wohl nicht näher gekommen - im Gegenteil.,http://www.dw.de/hoffnung-auf-ende-des-gaza-kriegs-schwindet/a-17859819,"http://www.dw.de/image/0,,17859820_303,00.jpg",Krise,Nahost,31.522561,34.453593
18.08.2014,Gouverneur schickt Nationalgarde nach Ferguson,"Ferguson kommt nicht zur Ruhe: Seit ein weißer Polizist einen schwarzen Teenager erschoss, kommt es in der Stadt im US-Bundesstaat Missouri zu gewaltsamen Ausschreitungen. Jetzt soll die Nationalgarde für Ordnung sorgen.",http://www.dw.de/gouverneur-schickt-nationalgarde-nach-ferguson/a-17860134,"http://www.dw.de/image/0,,17860129_303,00.jpg",Krise,Nordamerika,38.763060,-90.279898
15.08.2014,In Missouri wächst die Wut,Die Stimmung in der Stadt Ferguson im US-Bundesstaat Missouri bleibt nach den tödlichen Schüssen auf Michael Brown angespannt. Die Ungleichheit zwischen Schwarz und Weiß ist erneut auf tragische Weise deutlich geworden.,http://www.dw.de/in-missouri-w%C3%A4chst-die-wut/a-17856261,"http://www.dw.de/image/0,,17853479_303,00.jpg",Krise,Nordamerika,38.763060,-90.279898
18.08.2014,"Machar: ""Ich weiß nicht, wann es Frieden gibt""","Der südsudanesische Rebellenführer Riek Machar spricht in DW-Interview über die Chancen auf Frieden, die Wurzeln des Konflikts und die Forderung nach einem Waffenembargo.",http://www.dw.de/machar-ich-wei%C3%9F-nicht-wann-es-frieden-gibt/a-17854312,"http://www.dw.de/image/0,,17618355_303,00.jpg",Krise,Afrika,7.963092,30.158930
15.08.2014,Libysche Abgeordnete rufen UNO zur Hilfe,"Das libysche Parlament fordert die UNO auf, sich um die Sicherheit der Zivilbevölkerung in dem Krisenland zu kümmern. Allerdings sind die Handlungsoptionen des Auslands begrenzt.",http://www.dw.de/libysche-abgeordnete-rufen-uno-zur-hilfe/a-17854834,"http://www.dw.de/image/0,,17853770_303,00.jpg",Krise,Afrika,32.076111,23.961389
14.08.2014,Ebola-Seuche bedroht Versorgung in Liberia,Die Elfenbeinküste lässt Schiffe aus den von der Ebola-Epidemie betroffenen Ländern nicht mehr durch seine Gewässer fahren. Das könnte dramatische Folgen für das Nachbarland Liberia haben.,http://www.dw.de/ebola-seuche-bedroht-versorgung-in-liberia/a-17854533,"http://www.dw.de/image/0,,17844424_303,00.jpg",Krise,Afrika,6.313333,-10.801389
18.08.2014,Angriff auf Flüchtlingskonvoi in der Ostukraine,Prorussische Separatisten sollen nach Angaben der ukrainischen Armee einen Flüchtlingskonvoi in der Nähe von Luhansk beschossen und zahlreiche Zivilisten getötet haben. Die Rebellen dementieren.,http://www.dw.de/angriff-auf-fl%C3%BCchtlingskonvoi-in-der-ostukraine/a-17860647,"http://www.dw.de/image/0,,17843212_303,00.jpg",Krise,Europa,48.574041,39.307815
12.08.2014,Flüchtlinge im Irak in höchster Gefahr,Trotz der US-Luftangriffe auf Stellungen der IS-Terroristen wird die Lage der Flüchtlinge im Irak immer verzweifelter. Die USA schicken weitere 130 Militärberater.,http://www.dw.de/fl%C3%BCchtlinge-im-irak-in-h%C3%B6chster-gefahr/a-17848519,"http://www.dw.de/image/0,,17848475_303,00.jpg",Krise,Nahost,36.320000,41.860000
18.08.2014,Feuerpause im Gaza-Krieg verlängert,"Israelis und Palästinenser ringen weiter um die Bedingungen für eine dauerhafte Waffenruhe. Um Zeit zu gewinnen, verständigten sie sich nun auf eine Verlängerung der aktuellen Feuerpause - zunächst aber nur um einen Tag.",http://www.dw.de/feuerpause-im-gaza-krieg-verl%C3%A4ngert/a-17861864,"http://www.dw.de/image/0,,17861867_303,00.jpg",Krise,Nahost,31.522561,34.453593
19.08.2014,Ferguson kommt nicht zur Ruhe,Die Entsendung der US-Nationalgarde und eine nächtliche Ausgangssperre scheinen in Ferguson im US-Bundesstaat Missouri nicht zur Entspannung der Lage beizutragen - im Gegenteil: Die Stimmung wird immer gereizter. ,http://www.dw.de/ferguson-kommt-nicht-zur-ruhe/a-17862099,"http://www.dw.de/image/0,,17862085_303,00.jpg",Krise,Nordamerika,38.763060,-90.279898
21.08.2014,Liberia: Gewalt bei Ebola-Bekämpfung,Die Sicherheitskräfte in Liberia haben mit scharfer Munition und Tränengas die Einhaltung einer Ebola-Quarantäne in der Hauptstadt Monrovia durchgesetzt. Die Epidemie fordert immer mehr Opfer. ,http://www.dw.de/liberia-gewalt-bei-ebola-bek%C3%A4mpfung/a-17868706,"http://www.dw.de/image/0,,17868386_303,00.jpg",Krise,Afrika,6.327300,-10.806400
20.08.2014,US-Justizminister Holder sichert in Ferguson faire Untersuchung zu,"Seit dem Tod eines schwarzen Teenagers in Ferguson prägen Unruhen das Bild der US-Kleinstadt. Um die Lage zu entschärfen, stattete Justizminister Holder dem Ort einen Besuch ab - mit einem Versprechen im Gepäck.",http://www.dw.de/us-justizminister-holder-sichert-in-ferguson-faire-untersuchung-zu/a-17868605,"http://www.dw.de/image/0,,17868609_303,00.jpg",Krise,Nordamerika,38.738990,-90.275374
21.08.2014,Tote durch unbekannte Fieberkrankheit im Kongo,Inmitten der Ebola-Epidemie sorgt das Auftauchen einer bisher unbekannten Fiebererkankung für neue Besorgnisse. In den Ebola-Gebieten befürchten Experten eine Hungerkrise.,http://www.dw.de/tote-durch-unbekannte-fieberkrankheit-im-kongo/a-17870693,"http://www.dw.de/image/0,,17869000_303,00.jpg",Krise,Afrika,-0.733333,19.200000
22.08.2014,Russischer Hilfskonvoi fährt ohne Erlaubnis in die Ukraine,Die russische Regierung hat ihren seit Tagen an der Grenze festsitzenden Hilfskonvoi ohne das Einverständnis Kiews in die Ukraine geschickt. Die ersten Lastwagen überquerten eigenmächtig die Grenzlinie. ,http://www.dw.de/russischer-hilfskonvoi-f%C3%A4hrt-ohne-erlaubnis-in-die-ukraine/a-17871215,"http://www.dw.de/image/0,,17871476_303,00.jpg",Krise,Europa,48.290950,39.909838
31.08.2014,Irakische Truppen durchbrechen IS-Belagerung,Die rund 20.000 Bewohner der irakischen Stadt Amerli können aufatmen. Wochenlang waren sie von der Terrormiliz Islamischer Staat eingekesselt. Nun haben irakische Streitkräfte die Belagerung durchbrochen. ,http://www.dw.de/irakische-truppen-durchbrechen-is-belagerung/a-17891549,"http://www.dw.de/image/0,,17891598_303,00.jpg",Krise,Nahost,34.726456,44.585492
28.08.2014,Russische Truppen kämpfen auf ukrainischem Boden,"Die Hinweise mehren sich, wonach die prorussischen Rebellen im Osten der Ukraine mit aktiver Unterstützung russischer Soldaten kämpfen. Regierungstreue Milizen berichten davon - die prorussischen Rebellen bestätigen das. ",http://www.dw.de/russische-truppen-k%C3%A4mpfen-auf-ukrainischem-boden/a-17885931,"http://www.dw.de/image/0,,17885924_303,00.jpg",Krise,Ausland,47.996588,37.815896
27.08.2014,Ebola-Patient wird in Deutschland behandelt,"Ein mit Ebola infizierter WHO-Mitarbeiter wird in Hamburg behandelt. Der Mann hatte sich als Helfer in Sierra Leone infiziert. Er ist einer von Hunderten Ärzten und Pflegern, die von der Krankheit betroffen sind. ",http://www.dw.de/ebola-patient-wird-in-deutschland-behandelt/a-17882148,"http://www.dw.de/image/0,,17881310_303,00.jpg",Krise,Deutschland,53.627260,9.993121
27.08.2014,Behandlung in Deutschland eingetroffen,"Es gilt die höchste Sicherheitsstufe. Spezialjet und Isolier-Rettungswagen sind im Einsatz, als in Hamburg der erste Ebola-Patient aus Westafrika eintrifft. ",http://www.dw.de/ebola-infizierter-who-mitarbeiter-zur-behandlung-in-deutschland-eingetroffen/a-17881248,"http://www.dw.de/image/0,,17817189_303,00.jpg",Krise,Deutschland,53.590003,9.978645
26.08.2014,Putin wirbt für friedliche Lösung des Ukraine-Konflikts,Russlands Präsident Putin und sein ukrainischer Kollege Poroschenko haben sich erstmals seit Monaten getroffen. Können sie eine politische Lösung für den Krieg in der Ostukraine finden? Experten sind skeptisch.,http://www.dw.de/putin-wirbt-f%C3%BCr-friedliche-l%C3%B6sung-des-ukraine-konflikts/a-17879783,"http://www.dw.de/image/0,,17879947_303,00.jpg",Krise,Europa,53.903398,27.560287
02.09.2014,Separatisten wollen Sonderstatus für Ostukraine,Beim zweiten Treffen der Ukraine-Kontaktgruppe zeigen sich die prorussischen Separatisten selbstbewusst. Beflügelt von militärischen Erfolgen verlangen sie einen Sonderstatus für die besetzten Gebiete in der Ostukraine. ,http://www.dw.de/separatisten-wollen-sonderstatus-f%C3%BCr-ostukraine/a-17894246,"http://www.dw.de/image/0,,17893658_303,00.jpg",Krise,Europa,53.903398,27.560287
17.08.2014,Papst ruft China und Vietnam zum Dialog auf,Papst Franziskus hat China und Vietnam zur diplomatischen Öffnung gegenüber dem Vatikan aufgerufen. Am vorletzten Tag seiner Südkorea-Reise kam er mit Bischöfen aus Asien zu einem Dialog zusammen.,http://www.dw.de/papst-ruft-china-und-vietnam-zum-dialog-auf/a-17858972,"http://www.dw.de/image/0,,17858952_303,00.jpg",Kultur,Asien,36.713639,126.544914
15.08.2014,Wiedereröffnung des Hildesheimer Doms,Nach knapp fünf Jahren Renovierungsarbeiten läuten im Mariendom erneut die Glocken. Die Wiedereröffnung bildete den Auftakt der Feierlichkeiten zum 1200-jährigen Jubiläum des Bistums Hildesheim. ,http://www.dw.de/wiederer%C3%B6ffnung-des-hildesheimer-doms/a-17856372,"http://www.dw.de/image/0,,17736249_303,00.jpg",Kultur,Deutschland,52.149045,9.947173
13.08.2014,Gedenken an den Berliner Mauerbau vor 53 Jahren,Sie stand für die Teilung von Ost und West: Vor 53 Jahren wurde die Berliner Mauer gebaut. In knapp drei Jahrzehnten wurden fast 140 Menschen an der Grenzbefestigung getötet. In Berlin wurde der Opfer gedacht.,http://www.dw.de/gedenken-an-den-berliner-mauerbau-vor-53-jahren/a-17849692,"http://www.dw.de/image/0,,17849717_303,00.jpg",Kultur,Deutschland,52.535230,13.389430
22.08.2014,Buddhistische Proteste gegen den Dalai Lama,"Nur drei Monate nach seinem Besuch in Frankfurt kommt der Dalai Lama wieder, dieses Mal nach Hamburg. Den tibetischen Religionsführer erwarten Proteste aus dem eigenen Glaubenslager. Was steckt dahinter?",http://www.dw.de/buddhistische-proteste-gegen-den-dalai-lama/a-17870310,"http://www.dw.de/image/0,,17870402_303,00.jpg",Kultur,Deutschland,53.562176,9.985912
26.08.2014,"""Breaking Bad"" auf Emmys abonniert","Sie sind die Oscars der Fernsehwelt: die Emmy-Awards. In diesem Jahr gehen sie an alte Bekannte, die schon in den Vorjahren abräumten. Heidi Klum schrammte allerdings an der Trophäe vorbei.",http://www.dw.de/breaking-bad-auf-emmys-abonniert/a-17878733,"http://www.dw.de/image/0,,17878711_303,00.jpg",Kultur,Nordamerika,34.044411,-118.267182
25.08.2014,MTV Video Music Award für Miley Cyrus,"Miley Cyrus ist nach Madonna und Lady Gaga wohl die nächste große Nummer in der Pop-Welt. Für ihren von manchen als Skandal-Video eingestuften Song ""Wrecking ball"" bekam die 21-Jährige nun den MTV Video Music Award. ",http://www.dw.de/mtv-video-music-award-f%C3%BCr-miley-cyrus/a-17875016,"http://www.dw.de/image/0,,17874950_303,00.jpg",Kultur,Nordamerika,34.044411,-118.267182
04.08.2014,Immer mehr Tote bei Erdbeben in China,Die Provinz Yunan im Südwesten Chinas ist vom stärksten Beben seit 14 Jahren erschüttert worden. Den Rettern bietet sich ein Bild der Verwüstung. Sie bergen immer mehr Leichen aus den Trümmern.,http://www.dw.de/immer-mehr-tote-bei-erdbeben-in-china/a-17829366,"http://www.dw.de/image/0,,17829039_303,00.jpg",Katastrophe,Asien,25.045806,102.710002
13.04.2014,Schwere Erdbeben auf den Salomonen-Inseln,Zwei schwere Erdbeben haben die Salomonen-Inseln im Pazifik erschüttert. Es wurde Tsunami-Alarm ausgelöst. Die Bewohner stehen noch unter dem Schock schwerer Überflutungen Anfang des Monats.,http://www.dw.de/schwere-erdbeben-auf-den-salomonen-inseln/a-17564271,"http://www.dw.de/image/0,,17564209_303,00.jpg",Katastrophe,Asien,-9.645710,160.156194
20.08.2014,Vulkan-Alarm auf Island,Vor vier Jahren hat der Ausbruch des isländischen Vulkans Eyjafjallajökull den Flugverkehr in Europa tagelang lahmgelegt. Nun brodelt es erneut: Die Meteorologen des Landes schlagen wieder Alarm. ,http://www.dw.de/vulkan-alarm-auf-island/a-17868374,"http://www.dw.de/image/0,,17868001_303,00.jpg",Katastrophe,Europa,63.636770,-19.609823
21.08.2014,In Islands Vulkan Bárðarbunga brodelt es,Europa schaut ängstlich nach Island: Seit Samstag bebt die Erde rund um einen der größten Vulkane dort. Könnte bald eine neue Aschewolke Europas Flugverkehr lahmlegen? Die Antwort gibt's hier. ,http://www.dw.de/in-islands-vulkan-b%C3%A1r%C3%B0arbunga-brodelt-es/a-17867760,"http://www.dw.de/image/0,,17867166_303,00.jpg",Katastrophe,Europa,63.636770,-19.609823
19.08.2014,Merkel würdigt ehrenamtliche Helfer,"Das freiwillige Engagement sei die tragende Säule des zivilen Katastrophenschutzes, sagte die Kanzlerin. Den Hilfsorganisationen galt ihr Dank. 16.000 Freiwillige waren 2013 beim Hochwasser an Elbe und Donau im Einsatz.",http://www.dw.de/merkel-w%C3%BCrdigt-ehrenamtliche-helfer/a-17862750,"http://www.dw.de/image/0,,17862724_303,00.jpg",Politik,Deutschland,50.714060,7.067830
01.09.2014,Lauter Wahlsieger in Sachsen,"Nach der Landtagswahl in Sachsen fühlen sich fast alle Parteien als Gewinner. Um die Partei, die am meisten dazu gewonnen hat, macht der Wahlsieger Stanislaw Tillich allerdings einen Bogen. ",http://www.dw.de/lauter-wahlsieger-in-sachsen/a-17893234,"http://www.dw.de/image/0,,17893290_303,00.jpg",Politik,Deutschland,51.056199,13.733274
17.08.2014,Goldener EM-Abschluss für Deutschland,"Christina Schwanitz gewinnt bei der Leichtathletik-EM in Zürich Gold im Kugelstoßen. Auch Antje Möldner-Schmidt sichert sich Platz eins, sie holt Gold über 3000 Meter Hindernis. Freude gibt es auch über deutsches Silber.",http://www.dw.de/goldener-em-abschluss-f%C3%BCr-deutschland/a-17859512,"http://www.dw.de/image/0,,17859517_303,00.jpg",Sport,Europa,47.382753,8.503808
18.08.2014,Schalke scheitert zum Pokal-Auftakt,"Während sich Schalke in Dresden blamiert, schrammt der HSV mit Mühe und Not an einer peinlichen Pokalpleite vorbei. Offenbach schafft eine Überraschung und Heidenheim setzt sich im Zweitligaduell durch.",http://www.dw.de/schalke-scheitert-zum-pokal-auftakt/a-17841936,"http://www.dw.de/image/0,,17861857_303,00.jpg",Sport,Deutschland,51.040770,13.748015
14.08.2014,Copa-Sieg im Auftrag des Papstes,Premierensieg: Zum allerersten Mal darf der argentinische Fußball-Club San Lorenzo über die Copa Libertadores jubeln. Im Finale besiegte der Lieblings-Verein von Papst Franziskus Nacional mit 1:0.,http://www.dw.de/copa-sieg-im-auftrag-des-papstes/a-17853450,"http://www.dw.de/image/0,,17853418_303,00.jpg",Sport,Lateinamerika,-34.651969,-58.440470
16.08.2014,Olympische Jugendspiele feierlich eröffnet,Sechs Jahre nach den Olympischen Spielen in Peking veranstaltet China erneut ein sportliches Großevent. Knapp 3800 Sportler aus über 200 Ländern werden sich in Nanjing in den kommenden Tagen um die Medaillen streiten.,http://www.dw.de/olympische-jugendspiele-feierlich-er%C3%B6ffnet/a-17858649,"http://www.dw.de/image/0,,17858643_303,00.jpg",Sport,Asien,32.058000,118.787393
19.08.2014,Bayer auf Champions-League-Kurs,Mit einem Sieg beim FC Kopenhagen verschafft sich Bayer Leverkusen eine sehr gute Ausgangssituation für den Einzug in die Gruppenphase der Champions League. Dennoch gibt es für das Rückspiel einiges zu verbessern. ,http://www.dw.de/bayer-auf-champions-league-kurs/a-17862895,"http://www.dw.de/image/0,,17863944_303,00.jpg",Sport,Europa,55.702751,12.572294
20.08.2014,Deutsches EM-Gold vom Turm,Das Duo Hausding/Klein holt Gold im Synchronspringen vom Turm. Damit erreichen die deutschen Wasserspringer in Berlin schon vor der EM-Halbzeit das Minimalziel von fünf Medaillen. Biedermann hadert mit Platz zwei. ,http://www.dw.de/deutsches-em-gold-vom-turm/a-17868312,"http://www.dw.de/image/0,,17868315_303,00.jpg",Sport,Deutschland,52.529264,13.452652
21.08.2014,Gladbach auf dem Weg nach Europa,Borussia Mönchengladbach sichert sich im Hinspiel der Europa-League-Qualifikation eine gute Ausgangsposition für die Teilnahme an der Gruppenphase. In Sarajevo gelingt ein knapper Sieg.,http://www.dw.de/gladbach-auf-dem-weg-nach-europa/a-17870690,"http://www.dw.de/image/0,,17870686_303,00.jpg",Sport,Europa,43.846579,18.387355
23.08.2014,Wasserspringer Klein gewinnt Bronze,Turmspringer Sascha Klein holt bei den Europameisterschaften in Berlin die Bronzemedaille. Sein Podestplatz ist der achte der deutschen Wasserspringer im neunten Wettbewerb bei der Heim-EM.,http://www.dw.de/wasserspringer-klein-gewinnt-bronze/a-17873442,"http://www.dw.de/image/0,,17873627_303,00.jpg",Sport,Deutschland,52.529264,13.452652
23.08.2014,Bayer verdirbt Dortmund den Liga-Start,Die Revierklubs aus Dortmund und Schalke legen einen Fehlstart in die neue Fußball-Bundesliga-Saison hin. Nach dem peinlichen Pokal-Aus in Dresden steckt S04 schon nach dem ersten Spieltag in der Krise.,http://www.dw.de/bayer-verdirbt-dortmund-den-liga-start/a-17860640,"http://www.dw.de/image/0,,17873908_303,00.jpg",Sport,Deutschland,51.492516,7.451795
24.08.2014,Kramer rettet Borussia einen Punkt,Zwei Unentschieden bei den Sonntagsspielen: Mönchengladbach entreißt Stuttgart in letzter Minute den Sieg und Bundesliga-Neuling Paderborn rauscht gegen Mainz knapp am Traum-Einstand vorbei.,http://www.dw.de/kramer-rettet-borussia-einen-punkt/a-17860806,"http://www.dw.de/image/0,,17874736_303,00.jpg",Sport,Deutschland,51.174669,6.385493
27.08.2014,Leverkusen gewinnt das Millionen-Spiel,Die Werkself steht nach dem Heimsieg gegen den FC Kopenhagen in der Champions -League-Gruppenphase. Doch weniger das Ergebnis beeindruckt als vielmehr die Spielweise der Leverkusener. ,http://www.dw.de/leverkusen-gewinnt-das-millionen-spiel/a-17879183,"http://www.dw.de/image/0,,17885483_303,00.jpg",Sport,Deutschland,51.038209,7.002257
28.08.2014,Gladbach mit Torfestival nach Europa,"Borussia Mönchengladbach qualifiziert sich souverän für die Gruppenphase der Europa League. Gegner Sarajevo ist im Playoff-Rückspiel ohne Chance und wird von den ""Fohlen"" regelrecht abgefertigt. ",http://www.dw.de/gladbach-mit-torfestival-nach-europa/a-17887632,"http://www.dw.de/image/0,,17887628_303,00.jpg",Sport,Deutschland,51.174570,6.385506
29.08.2014,Dortmund feiert ersten Saisonsieg,"Der BVB hat das Auftakt-Trauma gut weggesteckt. In Augsburg gewinnt die Borussia das ""Kellerduell"" des 2. Spieltages. Am Ende wird die Partie nochmal richtig eng, nachdem Dortmund schon mit 3:0 geführt hatte.",http://www.dw.de/dortmund-feiert-ersten-saisonsieg/a-17881252,"http://www.dw.de/image/0,,17889602_303,00.jpg",Sport,Deutschland,48.323312,10.885629
31.08.2014,Silber für den Deutschland-Achter,Der Traum von der WM-Revanche geht nicht in Erfüllung. Der Achter muss sich mit Rang zwei hinter den Briten begnügen. Nur der Frauen-Vierer gewinnt Gold. ,http://www.dw.de/silber-f%C3%BCr-den-deutschland-achter/a-17891787,"http://www.dw.de/image/0,,17891808_303,00.jpg",Sport,Ausland,52.326087,4.836397
31.08.2014,Doppel-Gold für Vielseitigkeitsreiter,Goldener Sonntag für die deutschen Vielseitigkeitsreiter bei der WM in Caen. Die Mannschaft sichert sich ebenso den Titel wie Sanda Auffarth im Einzel. Auch Silber ging an einen Deutschen. ,http://www.dw.de/doppel-gold-f%C3%BCr-vielseitigkeitsreiter/a-17891698,"http://www.dw.de/image/0,,17890659_303,00.jpg",Sport,Ausland,49.179518,-0.396630
31.08.2014,Wlodarczyk mit Hammerwurf-Weltrekord,"Die Polin Anita Wlodarczyk stellt beim ISTAF in Berlin einen neuen Weltrekord im Hammerwerfen auf. Damit ist die deutsche Betty Heidler entthront. David Storl gewinnt im Kugelstoßen, Robert Harting mit dem Diskus. ",http://www.dw.de/wlodarczyk-mit-hammerwurf-weltrekord/a-17891706,"http://www.dw.de/image/0,,17857754_303,00.jpg",Sport,Deutschland,52.514641,13.239514
28.08.2014,Williams ohne Mühe ins Achtelfinale,"Serena Williams unterstreicht bei den US Open ihre Extraklasse. Auch Novak Djokovic kommt eine Runde weiter. Philipp Kohlschreiber steht in der dritten Runde, obwohl er seine Partie nicht zu Ende spielen muss. ",http://www.dw.de/williams-ohne-m%C3%BChe-ins-achtelfinale/a-17887600,"http://www.dw.de/image/0,,17887597_303,00.jpg",Sport,Ausland,40.749856,-73.847001
25.08.2014,Weltmeistertitel für DFB-Juniorinnen,Die deutschen U20-Juniorinnen bescheren dem deutschen Fußball den dritten internationalen Titel innerhalb von 43 Tagen. Die Entscheidung im WM-Finale gegen Nigeria fällt erst in der Verlängerung.,http://www.dw.de/weltmeistertitel-f%C3%BCr-dfb-juniorinnen/a-17875124,"http://www.dw.de/image/0,,17875144_303,00.jpg",Sport,Nordamerika,45.557858,-73.551886
24.08.2014,Ricciardo gewinnt in Spa,Der Red-Bull-Pilot setzt sich in einem turbulenten Rennen beim Großen Preis von Belgien durch. Auf dem Ardennen-Kurs in Spa geraten die dominierenden Silberpfeile aneinander und verspielen so den Sieg. ,http://www.dw.de/ricciardo-gewinnt-in-spa/a-17874447,"http://www.dw.de/image/0,,17874623_303,00.jpg",Sport,Ausland,50.444323,5.965504
10.08.2014,Viele Tote bei Flugzeugabsturz im Iran,Kurz nach dem Start in Teheran ist eine Passagiermaschine der iranischen Sepahan-Airlines mit mindestens 48 Menschen an Bord abgestürzt. Die Maschine befand sich auf einem Inlandsflug.,http://www.dw.de/viele-tote-bei-flugzeugabsturz-im-iran/a-17843954,"http://www.dw.de/image/0,,17844019_303,00.jpg",Katastrophe,Nahost,35.696111,51.423056
23.07.2014,Fast 50 Tote bei Flugzeugunglück in Taiwan,Bei einer missglückten Notlandung ist ein Flugzeug mit 58 Insassen auf Taiwan verunglückt. Nach Angaben der Behörden wurden dabei mindestens 47 Menschen getötet.,http://www.dw.de/fast-50-tote-bei-flugzeugungl%C3%BCck-in-taiwan/a-17802423,"http://www.dw.de/image/0,,17803166_303,00.jpg",Katastrophe,Asien,23.565479,119.615143
12.08.2014,Die argentinische Krankheit,"Die Wirtschaftskrise in Buenos Aires greift auf die Nachbarstaaten in Lateinamerika über. Die brasilianischen Exporteure, insbesondere die Autobauer, müssen drastische Einbrüche verkraften.",http://www.dw.de/die-argentinische-krankheit/a-17848091,"http://www.dw.de/image/0,,17825091_303,00.jpg",Politik,Lateinamerika,-34.603723,-58.381593
17.08.2014,Frust in Ghanas Erdöl-Stadt,"Alles besser machen als der Nachbar Nigeria - das hatte sich Ghana fest vorgenommen, als die ersten Ölquellen sprudelten. Doch der Traum vom Wohlstand hat sich in der Küstenstadt Takoradi nur für wenige erfüllt.",http://www.dw.de/frust-in-ghanas-erd%C3%B6l-stadt/a-17816140,"http://www.dw.de/image/0,,17809619_303,00.jpg",Politik,Afrika,4.940000,-1.720000
19.08.2014,Wo Syriens Senfgas zu Salz wird,Die syrischen Bestände zur Produktion von Chemiewaffen sind vollständig vernichtet. Ein Teil der giftigen Überreste kommt nun nach Deutschland. In Münster gibt es eine Spezialanlage zur Zerstörung solcher Stoffe.,http://www.dw.de/wo-syriens-senfgas-zu-salz-wird/a-17526691,"http://www.dw.de/image/0,,17521345_303,00.jpg",Politik,Deutschland,52.988761,10.088848